CODIGO;CATEGORIA;DESCRICAO;DIMENSAO;UNIDADE;MATERIAL;TIPO
RU1001;RU_PEX;TUBO FLEXIVEL PEX MONOCAMADA DN16;16;MT;PEX;TUBO
RU1002;RU_PEX;TUBO FLEXIVEL PEX MONOCAMADA DN20;20;MT;PEX;TUBO
RU1003;RU_PEX;TUBO FLEXIVEL PEX MONOCAMADA DN25;25;MT;PEX;TUBO
RU1004;RU_PEX;TUBO FLEXIVEL PEX MONOCAMADA DN32;32;MT;PEX;TUBO
RU1005;RU_PEX;MANIFOLD 2 SAIDA B 1X3/4 - PEX;1X3/4;PC;PEX;-
RU1006;RU_PEX;MANIFOLD 3 SAIDA B 1X3/4 - PEX;1X3/4;PC;PEX;-
RU1007;RU_PEX;TE MACHO ANEL DESLIZANTE 25X3/4 - PEX; 25X3/4;PC;PEX;-
RU1008;RU_PEX;TE REDUCAO ANEL DESLIZANTE 16X20X16 - PEX;16X20X16;PC;PEX;-
RU1009;RU_PEX;TE REDUCAO ANEL DESLIZANTE 20X16X20 - PEX;20X16X20;PC;PEX;-
RU1010;RU_PEX;TE REDUCAO ANEL DESLIZANTE 20X20X16 - PEX;20X20X16;PC;PEX;-
RU1011;RU_PEX;TE REDUCAO ANEL DESLIZANTE 25X16X20 - PEX;25X16X20;PC;PEX;-
RU1012;RU_PEX;TE REDUCAO ANEL DESLIZANTE 25X16X25 - PEX;25X16X25;PC;PEX;-
RU1013;RU_PEX;TE REDUCAO ANEL DESLIZANTE 25X20X25 - PEX;25X20X25;PC;PEX;-
RU1014;RU_PEX;TE ANEL DESLIZANTE 32 - PEX;32;PC;PEX;-
RU1015;RU_PEX;LUVA DE REDUÇÃO ANEL DESLIZANTE 20X16 - PEX;20X16;PC;PEX;-
RU1016;RU_PEX;LUVA DE REDUÇÃO ANEL DESLIZANTE 25X20 - PEX;25X20;PC;PEX;-
RU1017;RU_PEX;LUVA DE REDUÇÃO ANEL DESLIZANTE 32X25 - PEX;32X25;PC;PEX;-
RU1018;RU_PEX;LUVA ANEL DESLIZANTE 32  - PEX;32;PC;PEX;-
RU1019;RU_PEX;"JOELHO TERMINAL MACHO ANEL DESLIZANTE 20X3/4"" - PEX";"20X3/4""";PC;PEX;-
RU1020;RU_PEX;"JOELHO TERMINAL MACHO ANEL DESLIZANTE 25X3/4"" - PEX";"25X3/4""";PC;PEX;-
RU1021;RU_PEX;"JOELHO TERMINAL FEMEA ANEL DESLIZANTE 25X1"" - PEX";"25X1""";PC;PEX;-
RU1022;RU_PEX;"JOELHO TERMINAL FEMEA ANEL DESLIZANTE 32X1"" - PEX";"32X1""";PC;PEX;-
RU1023;RU_PEX;JOELHO 90 ANEL DESLIZANTE 32 - PEX;32;PC;PEX;-
RU1024;RU_PEX;"CONEXAO MOVEL ANEL DESLIZANTE 16X1/2"" - PEX";"16X3/4""";PC;PEX;-
RU1025;RU_PEX;"CONEXAO MOVEL ANEL DESLIZANTE 20X1/2"" - PEX";"20X1/2""";PC;PEX;-
RU1026;RU_PEX;"CONEXAO MOVEL ANEL DESLIZANTE 20X3/4"" - PEX";"20X3/4""";PC;PEX;-
RU1027;RU_PEX;"CONEXAO MOVEL ANEL DESLIZANTE 25X3/4"" - PEX";"25X3/4""";PC;PEX;-
RU1028;RU_PEX;"CONEXAO MACHO ANEL DESLIZANTE 32X1"" - PEX";"32X1""";PC;PEX;-
RU1029;RU_PEX;"JOELHO ROSCA MOVEL ANEL DESLIZANTE 16X1/2"" - PEX";"16X1/2""";PC;PEX;-
RU1030;RU_PEX;"JOELHO ROSCA MOVEL ANEL DESLIZANTE 20X3/4"" - PEX";"20X3/4""";PC;PEX;-
RU1031;RU_PEX;"JOELHO ROSCA MOVEL ANEL DESLIZANTE 25X3/4"" - PEX";"25X3/4""";PC;PEX;-
RU1032;RU_GAS;TUBO MULTICAMADA 16MM - GAS;16;MT;MULTICAMADA;TUBO
RU1033;RU_GAS;TUBO MULTICAMADA 20MM - GAS;20;MT;MULTICAMADA;TUBO
RU1034;RU_GAS;TUBO MULTICAMADA 26MM - GAS;26;MT;MULTICAMADA;TUBO
RU1035;RU_GAS;TUBO MULTICAMADA 32MM - GAS;32;MT;MULTICAMADA;TUBO
RU1036;RU_GAS;"ADAPTADOR FEMEA COM PORCA GIRATORIA 1/2""X16MM - GAS";1/2X16;PC;MULTICAMADA;-
RU1037;RU_GAS;"ADAPTADOR FIXO FEMEA 16X1/2"" - GAS";"16X1/2""";PC;MULTICAMADA;-
RU1038;RU_GAS;"ADAPTADOR FIXO FEMEA 20X1/2"" - GAS";"20X1/2""";PC;MULTICAMADA;-
RU1039;RU_GAS;"ADAPTADOR FIXO FEMEA 20X1/2"" - GAS";"20X1/2""";PC;MULTICAMADA;-
RU1040;RU_GAS;"ADAPTADOR FIXO FEMEA 26X1/2"" - GAS";"26X1/2""";PC;MULTICAMADA;-
RU1041;RU_GAS;"ADAPTADOR FIXO FEMEA 26X1"" - GAS";"26X1""";PC;MULTICAMADA;-
RU1042;RU_GAS;"ADAPTADOR FIXO FEMEA 32X1"" - GAS";"32X1""";PC;MULTICAMADA;-
RU1043;RU_GAS;"ADAPTADOR FIXO MACHO 16X1/2"" - GAS";"16X1/2""";PC;MULTICAMADA;-
RU1044;RU_GAS;"ADAPTADOR FIXO MACHO 20X1/2"" - GAS";"20X1/2""";PC;MULTICAMADA;-
RU1045;RU_GAS;"ADAPTADOR FIXO MACHO 20X3/4"" - GAS";"20X3/4""";PC;MULTICAMADA;-
RU1046;RU_GAS;"ADAPTADOR FIXO MACHO 26X3/4"" - GAS";"26X3/4""";PC;MULTICAMADA;-
RU1047;RU_GAS;"ADAPTADOR FIXO MACHO 31X1"" - GAS";"31X1""";PC;MULTICAMADA;-
RU1048;RU_GAS;CAP 16MM - GAS;16;PC;MULTICAMADA;-
RU1049;RU_GAS;JOELHO 90 16MM - GAS;16;PC;MULTICAMADA;-
RU1050;RU_GAS;JOELHO 90 20MM - GAS;20;PC;MULTICAMADA;-
RU1051;RU_GAS;JOELHO 90 26MM - GAS;26;PC;MULTICAMADA;-
RU1052;RU_GAS;JOELHO 90 32MM - GAS;32;PC;MULTICAMADA;-
RU1053;RU_GAS;"JOELHO 90 COM ROSCA 16X1/2"" - GAS";"16X1/2""";PC;MULTICAMADA;-
RU1054;RU_GAS;"JOELHO 90 COM ROSCA 20X1/2"" - GAS";20X1/2';PC;MULTICAMADA;-
RU1055;RU_GAS;"JOELHO 90 COM ROSCA 20X3/4"" - GAS";"20X3/4""";PC;MULTICAMADA;-
RU1056;RU_GAS;"JOELHO 90 COM ROSCA 26X3/4"" - GAS";"26X3/4""";PC;MULTICAMADA;-
RU1057;RU_GAS;"JOELHO 90 COM ROSCA 26X1"" - GAS";"26X1""";PC;MULTICAMADA;-
RU1058;RU_GAS;"JOELHO 90 COM ROSCA 32X1"" - GAS";"32X1""";PC;MULTICAMADA;-
RU1059;RU_GAS;"JOELHO BASE FIXA 16X1/2"" - GAS";"16X1/2""";PC;MULTICAMADA;-
RU1060;RU_GAS;"JOELHO BASE FIXA 20X1/2"" - GAS";"20X1/2""";PC;MULTICAMADA;-
RU1061;RU_GAS;"JOELHO BASE FIXA 20X3/4"" - GAS";"20X3/4""";PC;MULTICAMADA;-
RU1062;RU_GAS;"JOELHO BASE FIXA 26X3/4"" - GAS";"26X3/4""";PC;MULTICAMADA;-
RU1063;RU_GAS;LUVA 16MM - GAS;16;PC;MULTICAMADA;-
RU1064;RU_GAS;LUVA 20MM - GAS;20;PC;MULTICAMADA;-
RU1065;RU_GAS;LUVA 26MM - GAS;26;PC;MULTICAMADA;-
RU1066;RU_GAS;LUVA 32MM - GAS;32;PC;MULTICAMADA;-
RU1067;RU_GAS;LUVA DE REDUCAO 20X16MM - GAS;20X16MM;PC;MULTICAMADA;-
RU1068;RU_GAS;LUVA DE REDUCAO 26X16MM - GAS;26X16MM;PC;MULTICAMADA;-
RU1069;RU_GAS;LUVA DE REDUCAO 26X20MM - GAS;26X20MM;PC;MULTICAMADA;-
RU1070;RU_GAS;LUVA DE REDUCAO 32X20MM - GAS;32X20MM;PC;MULTICAMADA;-
RU1071;RU_GAS;LUVA DE REDUCAO 32X26MM - GAS;32X26MM;PC;MULTICAMADA;-
RU1072;RU_GAS;TE 90 16MM - GAS;16;PC;MULTICAMADA;-
RU1073;RU_GAS;TE 90 20MM - GAS;20;PC;MULTICAMADA;-
RU1074;RU_GAS;TE 90 26MM - GAS;26;PC;MULTICAMADA;-
RU1075;RU_GAS;TE 90 32MM - GAS;32;PC;MULTICAMADA;-
RU1076;RU_GAS;"TE 90 COM ROSCA 16X1/2""X16MM - GAS";"16X1/2""X16MM";PC;MULTICAMADA;-
RU1077;RU_GAS;"TE 90 COM ROSCA 20X1/2""X20MM - GAS";"20X1/2""X20MM";PC;MULTICAMADA;-
RU1078;RU_GAS;"TE 90 COM ROSCA 20X3/4""X20MM - GAS";" 20X3/4""X20MM";PC;MULTICAMADA;-
RU1079;RU_GAS;"TE 90 COM ROSCA 26X3/4""X26MM - GAS";"26X3/4""X26MM";PC;MULTICAMADA;-
RU1080;RU_GAS;TE DE REDUCAO 90 20X16X16MM - GAS;20X16X16MM;PC;MULTICAMADA;-
RU1081;RU_GAS;TE DE REDUCAO 90 20X20X16MM - GAS;20X20X16MM;PC;MULTICAMADA;-
RU1082;RU_GAS;TE DE REDUCAO 90 26X20X16MM - GAS;26X20X16MM;PC;MULTICAMADA;-
RU1083;RU_GAS;TE DE REDUCAO 90 26X20X20MM - GAS;26X20X20MM;PC;MULTICAMADA;-
RU1084;RU_GAS;TE DE REDUCAO 90 32X20X20MM - GAS;32X20X20MM;PC;MULTICAMADA;-
RU1085;RU_GAS;TE DE REDUCAO 90 32X26X26MM - GAS;32X26X26MM;PC;MULTICAMADA;-
RU1086;RU_GAS;"VALVULA ESFERA ANGULAR FEMEA/FEMEA 1/2""x3/4"" - GAS";"1/2""x3/4""";PC;MULTICAMADA;-
RU1087;RU_GAS;"VALVULA ESFERA ANGULAR MACHO/FEMEA 1/2""X3/4"" - GAS";"1/2""x3/4""";PC;MULTICAMADA;-
RU1088;RU_GAS;"VALVULA ESFERA FEMEA/FEMEA 1/2""X1/2"" - GAS";"1/2""X1/2""";PC;MULTICAMADA;-
RU1089;RU_GAS;"VALVULA ESFERA FEMEA/FEMEA 3/4""X3/4"" - GAS";"3/4""X3/4""";PC;MULTICAMADA;-
RU1090;RU_GAS;"VALVULA ESFERA FEMEA/FEMEA 1""X1"" - GAS";" 1""X1""";PC;MULTICAMADA;-
RU1091;RU_GAS;"VALVULA ESFERA MACHO/FEMEA 1/2""X1/2"" - GAS";"1/2""X1/2""";PC;MULTICAMADA;-
RU1092;RU_GAS;"VALVULA ESFERA MACHO/FEMEA 3/4""X3/4"" - GAS";" 3/4""X3/4""";PC;MULTICAMADA;-
RU1093;RU_GAS;"VALVULA ESFERA MACHO/FEMEA 1""X1"" - GAS";"1""X1""";PC;MULTICAMADA;-
RU1094;RU_PEX;KIT CHUVEIRO COM DOIS REGISTROS E MISTURADOR ;16MM;PC;PEX;-
RU1095;RU_GAS;TUBO CAMISA DE 25MM - GAS;25;MT;MULTICAMADA;TUBO
RU1096;RU_GAS;TUBULACAO DE EXAUSTAO  80MM;80MM;PC;ALUMINIO;TUBO
RU1097;RU_SOLDAVEL;TUBO PVC SOLDAVEL 20MM;20;MT;PVC SOLDAVEL;TUBO
RU1098;RU_SOLDAVEL;TUBO PVC SOLDAVEL 25MM;25;MT;PVC SOLDAVEL;TUBO
RU1099;RU_SOLDAVEL;TUBO PVC SOLDAVEL 32MM;32;MT;PVC SOLDAVEL;TUBO
RU1100;RU_SOLDAVEL;TUBO PVC SOLDAVEL 40MM;40;MT;PVC SOLDAVEL;TUBO
RU1101;RU_SOLDAVEL;TUBO PVC SOLDAVEL 50MM;50;MT;PVC SOLDAVEL;TUBO
RU1102;RU_SOLDAVEL;TUBO PVC SOLDAVEL 60MM;60;MT;PVC SOLDAVEL;TUBO
RU1103;RU_SOLDAVEL;BUCHA DE REDUCAO PVC SOLDAVEL LONGA 32X20MM;20;PC;PVC SOLDAVEL;-
RU1104;RU_SOLDAVEL;BUCHA DE REDUCAO PVC SOLDAVEL LONGA 40X20MM;20;PC;PVC SOLDAVEL;-
RU1105;RU_SOLDAVEL;BUCHA DE REDUCAO PVC SOLDAVEL LONGA 40X25MM;25;PC;PVC SOLDAVEL;-
RU1106;RU_SOLDAVEL;BUCHA DE REDUCAO PVC SOLDAVEL LONGA 50X20MM;20;PC;PVC SOLDAVEL;-
RU1107;RU_SOLDAVEL;BUCHA DE REDUCAO PVC SOLDAVEL LONGA 50X25MM;25;PC;PVC SOLDAVEL;-
RU1108;RU_SOLDAVEL;BUCHA DE REDUCAO PVC SOLDAVEL LONGA 50X32MM;32;PC;PVC SOLDAVEL;-
RU1109;RU_SOLDAVEL;BUCHA DE REDUCAO PVC SOLDAVEL LONGA 60X25MM;25;PC;PVC SOLDAVEL;-
RU1110;RU_SOLDAVEL;BUCHA DE REDUCAO PVC SOLDAVEL LONGA 60X32MM;32;PC;PVC SOLDAVEL;-
RU1111;RU_SOLDAVEL;BUCHA DE REDUCAO PVC SOLDAVEL LONGA 60X40MM;40;PC;PVC SOLDAVEL;-
RU1112;RU_SOLDAVEL;BUCHA DE REDUCAO PVC SOLDAVEL LONGA 60X50MM;50;PC;PVC SOLDAVEL;-
RU1113;RU_SOLDAVEL;BUCHA DE REDUCAO PVC SOLDAVEL LONGA 75X50MM;60;PC;PVC SOLDAVEL;-
RU1114;RU_SOLDAVEL;BUCHA DE REDUCAO PVC SOLDAVEL LONGA 85X60MM;60;PC;PVC SOLDAVEL;-
RU1115;RU_SOLDAVEL;BUCHA DE REDUCAO PVC SOLDAVEL LONGA 110X60MM;60;PC;PVC SOLDAVEL;-
RU1116;RU_SOLDAVEL;CURVA 45 PVC SOLDAVEL 20MM;20;PC;PVC SOLDAVEL;-
RU1117;RU_SOLDAVEL;CURVA 45 PVC SOLDAVEL 25MM;25;PC;PVC SOLDAVEL;-
RU1118;RU_SOLDAVEL;CURVA 45 PVC SOLDAVEL 32MM;32;PC;PVC SOLDAVEL;-
RU1119;RU_SOLDAVEL;CURVA 45 PVC SOLDAVEL 40MM;40;PC;PVC SOLDAVEL;-
RU1120;RU_SOLDAVEL;CURVA 45 PVC SOLDAVEL 50MM;50;PC;PVC SOLDAVEL;-
RU1121;RU_SOLDAVEL;CURVA 45 PVC SOLDAVEL 60MM;60;PC;PVC SOLDAVEL;-
RU1122;RU_SOLDAVEL;CURVA 90 PVC SOLDAVEL 20MM;20;PC;PVC SOLDAVEL;-
RU1123;RU_SOLDAVEL;CURVA 90 PVC SOLDAVEL 25MM;25;PC;PVC SOLDAVEL;-
RU1124;RU_SOLDAVEL;CURVA 90 PVC SOLDAVEL 32MM;32;PC;PVC SOLDAVEL;-
RU1125;RU_SOLDAVEL;CURVA 90 PVC SOLDAVEL 40MM;40;PC;PVC SOLDAVEL;-
RU1126;RU_SOLDAVEL;CURVA 90 PVC SOLDAVEL 50MM;50;PC;PVC SOLDAVEL;-
RU1127;RU_SOLDAVEL;CURVA 90 PVC SOLDAVEL 60MM;60;PC;PVC SOLDAVEL;-
RU1128;RU_SOLDAVEL;JOELHO 45 PVC SOLDAVEL 20MM;20;PC;PVC SOLDAVEL;-
RU1129;RU_SOLDAVEL;JOELHO 45 PVC SOLDAVEL 25MM;25;PC;PVC SOLDAVEL;-
RU1130;RU_SOLDAVEL;JOELHO 45 PVC SOLDAVEL 32MM;32;PC;PVC SOLDAVEL;-
RU1131;RU_SOLDAVEL;JOELHO 45 PVC SOLDAVEL 40MM;40;PC;PVC SOLDAVEL;-
RU1132;RU_SOLDAVEL;JOELHO 45 PVC SOLDAVEL 50MM;50;PC;PVC SOLDAVEL;-
RU1133;RU_SOLDAVEL;JOELHO 45 PVC SOLDAVEL 60MM;60;PC;PVC SOLDAVEL;-
RU1134;RU_SOLDAVEL;JOELHO REDUCAO 90 PVC SOLDAVEL 25X20MM;20;PC;PVC SOLDAVEL;-
RU1135;RU_SOLDAVEL;JOELHO REDUCAO 90 PVC SOLDAVEL 32X25MM;25;PC;PVC SOLDAVEL;-
RU1136;RU_SOLDAVEL;LUVA PVC SOLDAVEL 20MM;20;PC;PVC SOLDAVEL;-
RU1137;RU_SOLDAVEL;LUVA PVC SOLDAVEL 25MM;25;PC;PVC SOLDAVEL;-
RU1138;RU_SOLDAVEL;LUVA PVC SOLDAVEL 32MM;32;PC;PVC SOLDAVEL;-
RU1139;RU_SOLDAVEL;LUVA PVC SOLDAVEL 40MM;40;PC;PVC SOLDAVEL;-
RU1140;RU_SOLDAVEL;LUVA PVC SOLDAVEL 50MM;50;PC;PVC SOLDAVEL;-
RU1141;RU_SOLDAVEL;LUVA PVC SOLDAVEL 60MM;60;PC;PVC SOLDAVEL;-
RU1142;RU_SOLDAVEL;TE REDUCAO PVC SOLDAVEL 25X20X25MM;25;PC;PVC SOLDAVEL;-
RU1143;RU_SOLDAVEL;TE REDUCAO PVC SOLDAVEL 32X25X32MM;32;PC;PVC SOLDAVEL;-
RU1144;RU_SOLDAVEL;TE REDUCAO PVC SOLDAVEL 40X25X40MM;40;PC;PVC SOLDAVEL;-
RU1145;RU_SOLDAVEL;TE REDUCAO PVC SOLDAVEL 40X32X40MM;40;PC;PVC SOLDAVEL;-
RU1146;RU_SOLDAVEL;TE REDUCAO PVC SOLDAVEL 50X20X50MM;50;PC;PVC SOLDAVEL;-
RU1147;RU_SOLDAVEL;TE REDUCAO PVC SOLDAVEL 50X25X50MM;50;PC;PVC SOLDAVEL;-
RU1148;RU_SOLDAVEL;TE REDUCAO PVC SOLDAVEL 50X32X50MM;50;PC;PVC SOLDAVEL;-
RU1149;RU_SOLDAVEL;TE REDUCAO PVC SOLDAVEL 60X25X60MM;60;PC;PVC SOLDAVEL;-
RU1150;RU_SOLDAVEL;TE PVC SOLDAVEL 20MM;20;PC;PVC SOLDAVEL;-
RU1151;RU_SOLDAVEL;TE PVC SOLDAVEL 25MM;25;PC;PVC SOLDAVEL;-
RU1152;RU_SOLDAVEL;TE PVC SOLDAVEL 32MM;32;PC;PVC SOLDAVEL;-
RU1153;RU_SOLDAVEL;TE PVC SOLDAVEL 40MM;40;PC;PVC SOLDAVEL;-
RU1154;RU_SOLDAVEL;TE PVC SOLDAVEL 50MM;50;PC;PVC SOLDAVEL;-
RU1155;RU_SOLDAVEL;TE PVC SOLDAVEL 60MM;60;PC;PVC SOLDAVEL;-
RU1156;RU_CPVC;TUBO CPVC 15MM;15;MT;CPVC;TUBO
RU1157;RU_CPVC;TUBO CPVC 22MM;22;MT;CPVC;TUBO
RU1158;RU_CPVC;TUBO CPVC 28MM;28;MT;CPVC;TUBO
RU1159;RU_CPVC;TUBO CPVC 35MM;35;MT;CPVC;TUBO
RU1160;RU_CPVC;TUBO CPVC 42MM;42;MT;CPVC;TUBO
RU1161;RU_CPVC;TUBO CPVC 54MM;54;MT;CPVC;TUBO
RU1162;RU_CPVC;TUBO CPVC 73MM;73;MT;CPVC;TUBO
RU1163;RU_CPVC;TUBO CPVC 89MM;89;MT;CPVC;TUBO
RU1164;RU_CPVC;TUBO CPVC 114MM;114;MT;CPVC;TUBO
RU1165;RU_CPVC;BUCHA DE REDUCAO CPVC 22X15MM;22X15MM;PC;CPVC;-
RU1166;RU_CPVC;BUCHA DE REDUCAO CPVC 28X22MM;28X22MM;PC;CPVC;-
RU1167;RU_CPVC;BUCHA DE REDUCAO CPVC 35X28MM;35X28MM;PC;CPVC;-
RU1168;RU_CPVC;BUCHA DE REDUCAO CPVC 42X35MM;42X35MM;PC;CPVC;-
RU1169;RU_CPVC;BUCHA DE REDUCAO CPVC 54X28MM;54X28MM;PC;CPVC;-
RU1170;RU_CPVC;BUCHA DE REDUCAO CPVC 54X42MM;54X42MM;PC;CPVC;-
RU1171;RU_CPVC;BUCHA DE REDUCAO CPVC 73X54MM;73X54MM;PC;CPVC;-
RU1172;RU_CPVC;BUCHA DE REDUCAO CPVC 89X54MM;89X54MM;PC;CPVC;-
RU1173;RU_CPVC;BUCHA DE REDUCAO CPVC 114X89MM;114X89MM;PC;CPVC;-
RU1174;RU_CPVC;CURVA 90 CPVC 15MM;15MM;PC;CPVC;-
RU1175;RU_CPVC;CURVA 90 CPVC 22MM;22MM;PC;CPVC;-
RU1176;RU_CPVC;CURVA 90 CPVC 28MM;28MM;PC;CPVC;-
RU1177;RU_CPVC;JOELHO 45 CPVC 15MM;15MM;PC;CPVC;-
RU1178;RU_CPVC;JOELHO 45 CPVC 22MM;22MM;PC;CPVC;-
RU1179;RU_CPVC;JOELHO 45 CPVC 28MM;28MM;PC;CPVC;-
RU1180;RU_CPVC;JOELHO 45 CPVC 35MM;35MM;PC;CPVC;-
RU1181;RU_CPVC;JOELHO 45 CPVC 42MM;42MM;PC;CPVC;-
RU1182;RU_CPVC;JOELHO 45 CPVC 54MM;54MM;PC;CPVC;-
RU1183;RU_CPVC;JOELHO 45 CPVC 73MM;73MM;PC;CPVC;-
RU1184;RU_CPVC;JOELHO 45 CPVC 89MM;89MM;PC;CPVC;-
RU1185;RU_CPVC;JOELHO 45 CPVC 114MM;114MM;PC;CPVC;-
RU1186;RU_CPVC;JOELHO 90 CPVC 15MM;15MM;PC;CPVC;-
RU1187;RU_CPVC;JOELHO 90 CPVC 22MM;22MM;PC;CPVC;-
RU1188;RU_CPVC;JOELHO 90 CPVC 28MM;28MM;PC;CPVC;-
RU1189;RU_CPVC;JOELHO 90 CPVC 35MM;35MM;PC;CPVC;-
RU1190;RU_CPVC;JOELHO 90 CPVC 42MM;42MM;PC;CPVC;-
RU1191;RU_CPVC;JOELHO 90 CPVC 54MM;54MM;PC;CPVC;-
RU1192;RU_CPVC;JOELHO 90 CPVC 73MM;73MM;PC;CPVC;-
RU1193;RU_CPVC;JOELHO 90 CPVC 89MM;89MM;PC;CPVC;-
RU1194;RU_CPVC;JOELHO 90 CPVC 114MM;114MM;PC;CPVC;-
RU1195;RU_CPVC;"JOLHO 90 DE TRASICAO CPVC 15X1/2""";"2""";PC;CPVC;-
RU1196;RU_CPVC;"JOLHO 90 DE TRASICAO CPVC 22X1/2""";"2""";PC;CPVC;-
RU1197;RU_CPVC;"JOLHO 90 DE TRASICAO CPVC 22X3/4""";"4""";PC;CPVC;-
RU1198;RU_CPVC;"JOLHO 90 DE TRASICAO CPVC 28X1""";"28X1""";PC;CPVC;-
RU1199;RU_CPVC;JUNTA DE EXPANSAO CPVC 28MM;28MM;PC;CPVC;-
RU1200;RU_CPVC;JUNTA DE EXPANSAO CPVC 35MM;35MM;PC;CPVC;-
RU1201;RU_CPVC;JUNTA DE EXPANSAO CPVC 42MM;42MM;PC;CPVC;-
RU1202;RU_CPVC;JUNTA DE EXPANSAO CPVC 54MM;54MM;PC;CPVC;-
RU1203;RU_CPVC;LUVA CPVC 15MM;15MM;PC;CPVC;-
RU1204;RU_CPVC;LUVA CPVC 22MM;22MM;PC;CPVC;-
RU1205;RU_CPVC;LUVA CPVC 28M;28M;PC;CPVC;-
RU1206;RU_CPVC;LUVA CPVC 35MM;35MM;PC;CPVC;-
RU1207;RU_CPVC;LUVA CPVC 42MM;42MM;PC;CPVC;-
RU1208;RU_CPVC;LUVA CPVC 54MM;54MM;PC;CPVC;-
RU1209;RU_CPVC;LUVA CPVC 73MM;73MM;PC;CPVC;-
RU1210;RU_CPVC;LUVA CPVC 89MM;89MM;PC;CPVC;-
RU1211;RU_CPVC;LUVA CPVC 114MM;114MM;PC;CPVC;-
RU1212;RU_CPVC;"LUVA DE TRASICAO CPVC 15X1/2""";"2""";PC;CPVC;-
RU1213;RU_CPVC;"LUVA DE TRASICAO CPVC 22X1/2""";"2""";PC;CPVC;-
RU1214;RU_CPVC;"LUVA DE TRASICAO CPVC 22X3/4""";"4""";PC;CPVC;-
RU1215;RU_CPVC;"LUVA DE TRASICAO CPVC 28X3/4""";"4""";PC;CPVC;-
RU1216;RU_CPVC;"LUVA DE TRASICAO CPVC 28X1""";"28X1""";PC;CPVC;-
RU1217;RU_CPVC;"LUVA DE TRASICAO CPVC 35X1 1;4""";"4""";PC;CPVC;-
RU1218;RU_CPVC;"LUVA DE TRASICAO CPVC 42X1 1/2""";"2""";PC;CPVC;-
RU1219;RU_CPVC;"LUVA DE TRASICAO CPVC 54X1 1/2""";"2""";PC;CPVC;-
RU1220;RU_CPVC;TE CPVC 15MM;15MM;PC;CPVC;-
RU1221;RU_CPVC;TE CPVC 22MM;22MM;PC;CPVC;-
RU1222;RU_CPVC;TE CPVC 28M;28M;PC;CPVC;-
RU1223;RU_CPVC;TE CPVC 35MM;35MM;PC;CPVC;-
RU1224;RU_CPVC;TE CPVC 42MM;42MM;PC;CPVC;-
RU1225;RU_CPVC;TE CPVC 54MM;54MM;PC;CPVC;-
RU1226;RU_CPVC;TE CPVC 73MM;73MM;PC;CPVC;-
RU1227;RU_CPVC;TE CPVC 89MM;89MM;PC;CPVC;-
RU1228;RU_CPVC;TE CPVC 114MM;114MM;PC;CPVC;-
RU1229;RU_CPVC;TE 90 REDUCAO CPVC 22X15MM;22X15MM;PC;CPVC;-
RU1230;RU_CPVC;TE 90 REDUCAO CPVC 28X15MM;28X15MM;PC;CPVC;-
RU1231;RU_CPVC;TE 90 REDUCAO CPVC 28X22MM;28X22MM;PC;CPVC;-
RU1232;RU_CPVC;TE 90 REDUCAO CPVC 35X22MM;35X22MM;PC;CPVC;-
RU1233;RU_CPVC;TE 90 REDUCAO CPVC 35X28MM;35X28MM;PC;CPVC;-
RU1234;RU_CPVC;TE 90 REDUCAO CPVC 42X22MM;42X22MM;PC;CPVC;-
RU1235;RU_CPVC;TE 90 REDUCAO CPVC 42X28MM;42X28MM;PC;CPVC;-
RU1236;RU_CPVC;TE 90 REDUCAO CPVC 42X35MM;42X35MM;PC;CPVC;-
RU1237;RU_CPVC;TE 90 REDUCAO CPVC 54X22MM;54X22MM;PC;CPVC;-
RU1238;RU_CPVC;TE 90 REDUCAO CPVC 54X28MM;54X28MM;PC;CPVC;-
RU1239;RU_CPVC;TE 90 REDUCAO CPVC 73X54MM;73X54MM;PC;CPVC;-
RU1240;RU_ACABAMENTOS;CARENAGEM  700X350MM;700X350MM;PC;METAL;-
RU1241;RU_PEX;"CONEXAO FEMEA 16X1/2"" - PEX";16;PC;PEX;-
RU1242;RU_PEX;"CONEXAO FEMEA 20X1/2"" - PEX";20;PC;PEX;-
RU1243;RU_PEX;"CONEXAO FEMEA 20X3/4"" - PEX";20;PC;PEX;-
RU1244;RU_PEX;"CONEXAO FEMEA 25X3/4"" - PEX";35;PC;PEX;-
RU1245;RU_PEX;TE 16MM;16;PC;PEX;-
RU1246;RU_PEX;TE 20MM;20;PC;PEX;-
RU1247;RU_PEX;TE 25MM;25;PC;PEX;-
RU1248;RU_PEX;TE 32MM;32;PC;PEX;-
RU1249;RU_GAS;TUBO CAMISA DE 40MM - GAS;25;MT;MULTICAMADA;TUBO
RU1250;RU_REGISTRO;"REGISTRO GAVETA BRUTO 15 (1/2"")";15;PC;METAIS;-
RU1251;RU_REGISTRO;"REGISTRO GAVETA BRUTO 20 (3/4"")";20;PC;METAIS;-
RU1252;RU_REGISTRO;"REGISTRO GAVETA BRUTO 25 (1"")";25;PC;METAIS;-
RU1253;RU_REGISTRO;"REGISTRO GAVETA BRUTO 32 (1 1/4"")";32;PC;METAIS;-
RU1254;RU_REGISTRO;"REGISTRO GAVETA BRUTO 40 (1 1/2"")";40;PC;METAIS;-
RU1255;RU_REGISTRO;"REGISTRO GAVETA BRUTO 50 (2"")";50;PC;METAIS;-
RU1256;RU_REGISTRO;"REGISTRO GAVETA BRUTO 65 (2 1/2"")";65;PC;METAIS;-
RU1257;RU_REGISTRO;"REGISTRO GAVETA BRUTO 80 (3"")";80;PC;METAIS;-
RU1258;RU_REGISTRO;"REGISTRO GAVETA BRUTO 100 (4"")";100;PC;METAIS;-
RU1259;RU_REGISTRO;"REGISTRO ESFERA BRUTO  15 (1/2"") ";15;PC;METAIS;-
RU1260;RU_REGISTRO;"REGISTRO ESFERA BRUTO 20 (3/4"")";20;PC;METAIS;-
RU1261;RU_REGISTRO;"REGISTRO ESFERA BRUTO 25 (1"")";25;PC;METAIS;-
RU1262;RU_REGISTRO;"REGISTRO ESFERA BRUTO 32 (1 1/4"")";32;PC;METAIS;-
RU1263;RU_REGISTRO;"REGISTRO ESFERA BRUTO 40 (1 1/2"")";40;PC;METAIS;-
RU1264;RU_REGISTRO;"REGISTRO ESFERA BRUTO 50 (2"")";50;PC;METAIS;-
RU1265;RU_REGISTRO;"REGISTRO ESFERA BRUTO 65 (2 1/2"")";65;PC;METAIS;-
RU1266;RU_REGISTRO;"REGISTRO ESFERA BRUTO 80 (3"")";80;PC;METAIS;-
RU1267;RU_REGISTRO;"REGISTRO ESFERA BRUTO 100 (4"")";100;PC;METAIS;-
RU1268;RU_SISGAS;TUBO AÇO POLIETILENO 20MM - SISGAS;20;MT;SISGAS;TUBO
RU1269;RU_SISGAS;TUBO AÇO POLIETILENO 25MM - SISGAS;25;MT;SISGAS;TUBO
RU1270;RU_SISGAS;TUBO AÇO POLIETILENO 32MM - SISGAS;32;MT;SISGAS;TUBO
RU1271;RU_SISGAS;TUBO AÇO POLIETILENO 40MM - SISGAS;40;MT;SISGAS;TUBO
RU1272;RU_SISGAS;TUBO AÇO POLIETILENO 50MM - SISGAS;50;MT;SISGAS;TUBO
RU1273;RU_SISGAS;TUBO AÇO POLIETILENO 63MM - SISGAS;63;MT;SISGAS;TUBO
RU1274;RU_SISGAS;TUBO AÇO POLIETILENO 75MM - SISGAS;75;MT;SISGAS;TUBO
RU1275;RU_SISGAS;TUBO AÇO POLIETILENO 90MM - SISGAS;90;MT;SISGAS;TUBO
RU1276;RU_SISGAS;TUBO AÇO POLIETILENO 110MM - SISGAS;110;MT;SISGAS;TUBO
RU1277;RU_SISGAS;"COTOVELO 90 20 X 1/2"" - SISGAS";1;PC;SISGAS;-
RU1278;RU_SISGAS;"COTOVELO 90 25 X 1/2"" - SISGAS";1;PC;SISGAS;-
RU1279;RU_SISGAS;"COTOVELO 90 25 X 3/4"" - SISGAS";1;PC;SISGAS;-
RU1280;RU_SISGAS;"COTOVELO 90 32 X 3/4"" - SISGAS";1;PC;SISGAS;-
RU1281;RU_SISGAS;"COTOVELO 90 32 X 1"" - SISGAS";1;PC;SISGAS;-
RU1282;RU_SISGAS;"COTOVELO 90 40 X 1"" - SISGAS";1;PC;SISGAS;-
RU1283;RU_SISGAS;"COTOVELO 90 40 X 1 1/4"" - SISGAS";1;PC;SISGAS;-
RU1284;RU_SISGAS;"COTOVELO 90 50 X 1 1/4"" - SISGAS";1;PC;SISGAS;-
RU1285;RU_SISGAS;"COTOVELO 90 50 X 1 1/2"" - SISGAS";1;PC;SISGAS;-
RU1286;RU_SISGAS;"COTOVELO 90 63 X 1 1/2"" - SISGAS";1;PC;SISGAS;-
RU1287;RU_SISGAS;"COTOVELO 90 63 X 2"" - SISGAS";1;PC;SISGAS;-
RU1288;RU_SISGAS;"COTOVELO 90 75 X 2 1/2"" - SISGAS";1;PC;SISGAS;-
RU1289;RU_SISGAS;"COTOVELO 90 90 X 3"" - SISGAS";1;PC;SISGAS;-
RU1290;RU_SISGAS;"COTOVELO 90 110 X 4"" - SISGAS";1;PC;SISGAS;-
RU1291;RU_SISGAS;COTOVELO 45 20MM - SISGAS;1;PC;SISGAS;-
RU1292;RU_SISGAS;COTOVELO 45 25MM - SISGAS;1;PC;SISGAS;-
RU1293;RU_SISGAS;COTOVELO 45 32MM - SISGAS;1;PC;SISGAS;-
RU1294;RU_SISGAS;COTOVELO 45 40MM - SISGAS;1;PC;SISGAS;-
RU1295;RU_SISGAS;COTOVELO 45 50MM - SISGAS;1;PC;SISGAS;-
RU1296;RU_SISGAS;COTOVELO 45 63MM - SISGAS;1;PC;SISGAS;-
RU1297;RU_SISGAS;COTOVELO 45 75MM - SISGAS;1;PC;SISGAS;-
RU1298;RU_SISGAS;COTOVELO 45 90MM - SISGAS;1;PC;SISGAS;-
RU1299;RU_SISGAS;COTOVELO 45 110MM - SISGAS;1;PC;SISGAS;-
RU1300;RU_SISGAS;COTOVELO 90 20MM - SISGAS;1;PC;SISGAS;-
RU1301;RU_SISGAS;COTOVELO 90 25MM - SISGAS;1;PC;SISGAS;-
RU1302;RU_SISGAS;COTOVELO 90 32MM - SISGAS;1;PC;SISGAS;-
RU1303;RU_SISGAS;COTOVELO 90 40MM - SISGAS;1;PC;SISGAS;-
RU1304;RU_SISGAS;COTOVELO 90 50MM - SISGAS;1;PC;SISGAS;-
RU1305;RU_SISGAS;COTOVELO 90 63MM - SISGAS;1;PC;SISGAS;-
RU1306;RU_SISGAS;COTOVELO 90 75MM - SISGAS;1;PC;SISGAS;-
RU1307;RU_SISGAS;COTOVELO 90 90MM - SISGAS;1;PC;SISGAS;-
RU1308;RU_SISGAS;COTOVELO 90 110MM - SISGAS;1;PC;SISGAS;-
RU1309;RU_SISGAS;TE 20MM - SISGAS;1;PC;SISGAS;-
RU1310;RU_SISGAS;TE 25MM - SISGAS;1;PC;SISGAS;-
RU1311;RU_SISGAS;TE 32MM - SISGAS;1;PC;SISGAS;-
RU1312;RU_SISGAS;TE 40MM - SISGAS;1;PC;SISGAS;-
RU1313;RU_SISGAS;TE 50MM - SISGAS;1;PC;SISGAS;-
RU1314;RU_SISGAS;TE 63MM - SISGAS;1;PC;SISGAS;-
RU1315;RU_SISGAS;TE 75MM - SISGAS;1;PC;SISGAS;-
RU1316;RU_SISGAS;TE 90MM - SISGAS;1;PC;SISGAS;-
RU1317;RU_SISGAS;TE 110MM - SISGAS;1;PC;SISGAS;-
RU1318;RU_SISGAS;"ADAPTADOR FEMEA 20 X 1/2"" - SISGAS";1;PC;SISGAS;-
RU1319;RU_SISGAS;"ADAPTADOR FEMEA 25 X 1/2"" - SISGAS";1;PC;SISGAS;-
RU1320;RU_SISGAS;"ADAPTADOR FEMEA 25 X 3/4"" - SISGAS";1;PC;SISGAS;-
RU1321;RU_SISGAS;"ADAPTADOR FEMEA 32 X 3/4"" - SISGAS";1;PC;SISGAS;-
RU1322;RU_SISGAS;"ADAPTADOR FEMEA 32 X 1"" - SISGAS";1;PC;SISGAS;-
RU1323;RU_SISGAS;"ADAPTADOR FEMEA 40 X 1"" - SISGAS";1;PC;SISGAS;-
RU1324;RU_SISGAS;"ADAPTADOR FEMEA 40 X 1 1/4"" - SISGAS";1;PC;SISGAS;-
RU1325;RU_SISGAS;"ADAPTADOR FEMEA 50 X 1 1/4"" - SISGAS";1;PC;SISGAS;-
RU1326;RU_SISGAS;"ADAPTADOR FEMEA 50 X 1 1/2"" - SISGAS";1;PC;SISGAS;-
RU1327;RU_SISGAS;"ADAPTADOR FEMEA 63 X 1 1/2"" - SISGAS";1;PC;SISGAS;-
RU1328;RU_SISGAS;"ADAPTADOR FEMEA 63 X 2"" - SISGAS";1;PC;SISGAS;-
RU1329;RU_SISGAS;"ADAPTADOR FEMEA 75 X 2 1/2"" - SISGAS";1;PC;SISGAS;-
RU1330;RU_SISGAS;"ADAPTADOR FEMEA 90 X 3"" - SISGAS";1;PC;SISGAS;-
RU1331;RU_SISGAS;"ADAPTADOR FEMEA 110 X 4"" - SISGAS";1;PC;SISGAS;-
RU1332;RU_SISGAS;"ADAPTADOR MACHO 20 X 1/2"" - SISGAS";1;PC;SISGAS;-
RU1333;RU_SISGAS;"ADAPTADOR MACHO 25 X 1/2"" - SISGAS";1;PC;SISGAS;-
RU1334;RU_SISGAS;"ADAPTADOR MACHO 25 X 3/4"" - SISGAS";1;PC;SISGAS;-
RU1335;RU_SISGAS;"ADAPTADOR MACHO 32 X 3/4"" - SISGAS";1;PC;SISGAS;-
RU1336;RU_SISGAS;"ADAPTADOR MACHO 32 X 1"" - SISGAS";1;PC;SISGAS;-
RU1337;RU_SISGAS;"ADAPTADOR MACHO 40 X 1"" - SISGAS";1;PC;SISGAS;-
RU1338;RU_SISGAS;"ADAPTADOR MACHO 40 X 1 1/4"" - SISGAS";1;PC;SISGAS;-
RU1339;RU_SISGAS;"ADAPTADOR MACHO 50 X 1 1/4"" - SISGAS";1;PC;SISGAS;-
RU1340;RU_SISGAS;"ADAPTADOR MACHO 50 X 1 1/2"" - SISGAS";1;PC;SISGAS;-
RU1341;RU_SISGAS;"ADAPTADOR MACHO 63 X 1 1/2"" - SISGAS";1;PC;SISGAS;-
RU1342;RU_SISGAS;"ADAPTADOR MACHO 63 X 2"" - SISGAS";1;PC;SISGAS;-
RU1343;RU_SISGAS;"ADAPTADOR MACHO 75 X 2 1/2"" - SISGAS";1;PC;SISGAS;-
RU1344;RU_SISGAS;"ADAPTADOR MACHO 90 X 3"" - SISGAS";1;PC;SISGAS;-
RU1345;RU_SISGAS;"ADAPTADOR MACHO 110 X 4"" - SISGAS";1;PC;SISGAS;-
RU1346;RU_SISGAS;VALVULA ESFERICA 20MM - SISGAS;1;PC;SISGAS;-
RU1347;RU_SISGAS;VALVULA ESFERICA 25MM - SISGAS;1;PC;SISGAS;-
RU1348;RU_SISGAS;VALVULA ESFERICA 32MM - SISGAS;1;PC;SISGAS;-
RU1349;RU_SISGAS;VALVULA ESFERICA 40MM - SISGAS;1;PC;SISGAS;-
RU1350;RU_SISGAS;SUPORTE PARA MEDIDOR;1;PC;SISGAS;-
RU1351;RU_INCENDIO;KIT INCENDIO (ABRIGO, MANGUEIRA, CHAVE STORS, TAMPÃO STORS, ADAPTADOR E BICO JATO);1;PC;INCENDIO;-
RU1352;RU_INCENDIO;VALVULA PARA HIDRANTE 45 50MM;1;PC;INCENDIO;-
RU1353;RU_ACO_GALVANIZADO;TUBOS DE ACO GALVANIZADO 15MM;1;MT;ACO GALVANIZADO;TUBO
RU1354;RU_ACO_GALVANIZADO;TUBOS DE ACO GALVANIZADO 20MM;1;MT;ACO GALVANIZADO;TUBO
RU1355;RU_ACO_GALVANIZADO;TUBOS DE ACO GALVANIZADO 25MM;1;MT;ACO GALVANIZADO;TUBO
RU1356;RU_ACO_GALVANIZADO;TUBOS DE ACO GALVANIZADO 32MM;1;MT;ACO GALVANIZADO;TUBO
RU1357;RU_ACO_GALVANIZADO;TUBOS DE ACO GALVANIZADO 40MM;1;MT;ACO GALVANIZADO;TUBO
RU1358;RU_ACO_GALVANIZADO;TUBOS DE ACO GALVANIZADO 50MM;1;MT;ACO GALVANIZADO;TUBO
RU1359;RU_ACO_GALVANIZADO;TUBOS DE ACO GALVANIZADO 65MM;1;MT;ACO GALVANIZADO;TUBO
RU1360;RU_ACO_GALVANIZADO;TUBOS DE ACO GALVANIZADO 80MM;1;MT;ACO GALVANIZADO;TUBO
RU1361;RU_ACO_GALVANIZADO;TUBOS DE ACO GALVANIZADO 90MM;1;MT;ACO GALVANIZADO;TUBO
RU1362;RU_ACO_GALVANIZADO;TUBOS DE ACO GALVANIZADO 100M;1;MT;ACO GALVANIZADO;TUBO
RU1363;RU_ACO_GALVANIZADO;TE DE ACO GALVANIZADO 15MM;1;PC;ACO GALVANIZADO;-
RU1364;RU_ACO_GALVANIZADO;TE DE ACO GALVANIZADO 20MM;1;PC;ACO GALVANIZADO;-
RU1365;RU_ACO_GALVANIZADO;TE DE ACO GALVANIZADO 25MM;1;PC;ACO GALVANIZADO;-
RU1366;RU_ACO_GALVANIZADO;TE DE ACO GALVANIZADO 32MM;1;PC;ACO GALVANIZADO;-
RU1367;RU_ACO_GALVANIZADO;TE DE ACO GALVANIZADO 40MM;1;PC;ACO GALVANIZADO;-
RU1368;RU_ACO_GALVANIZADO;TE DE ACO GALVANIZADO 50MM;1;PC;ACO GALVANIZADO;-
RU1369;RU_ACO_GALVANIZADO;TE DE ACO GALVANIZADO 65MM;1;PC;ACO GALVANIZADO;-
RU1370;RU_ACO_GALVANIZADO;TE DE ACO GALVANIZADO 80MM;1;PC;ACO GALVANIZADO;-
RU1371;RU_ACO_GALVANIZADO;TE DE ACO GALVANIZADO 90MM;1;PC;ACO GALVANIZADO;-
RU1372;RU_ACO_GALVANIZADO;TE DE ACO GALVANIZADO 100M;1;PC;ACO GALVANIZADO;-
RU1373;RU_ACO_GALVANIZADO;COTOVELO 90 DE ACO GALVANIZADO 15MM;1;PC;ACO GALVANIZADO;-
RU1374;RU_ACO_GALVANIZADO;COTOVELO 90 DE ACO GALVANIZADO 20MM;1;PC;ACO GALVANIZADO;-
RU1375;RU_ACO_GALVANIZADO;COTOVELO 90 DE ACO GALVANIZADO 25MM;1;PC;ACO GALVANIZADO;-
RU1376;RU_ACO_GALVANIZADO;COTOVELO 90 DE ACO GALVANIZADO 32MM;1;PC;ACO GALVANIZADO;-
RU1377;RU_ACO_GALVANIZADO;COTOVELO 90 DE ACO GALVANIZADO 40MM;1;PC;ACO GALVANIZADO;-
RU1378;RU_ACO_GALVANIZADO;COTOVELO 90 DE ACO GALVANIZADO 50MM;1;PC;ACO GALVANIZADO;-
RU1379;RU_ACO_GALVANIZADO;COTOVELO 90 DE ACO GALVANIZADO 65MM;1;PC;ACO GALVANIZADO;-
RU1380;RU_ACO_GALVANIZADO;COTOVELO 90 DE ACO GALVANIZADO 80MM;1;PC;ACO GALVANIZADO;-
RU1381;RU_ACO_GALVANIZADO;COTOVELO 90 DE ACO GALVANIZADO 90MM;1;PC;ACO GALVANIZADO;-
RU1382;RU_ACO_GALVANIZADO;COTOVELO 90 DE ACO GALVANIZADO 100M;1;PC;ACO GALVANIZADO;-
RU1383;RU_ACO_GALVANIZADO;LUVA DE ACO GALVANIZADO 15MM;1;PC;ACO GALVANIZADO;-
RU1384;RU_ACO_GALVANIZADO;LUVA DE ACO GALVANIZADO 20MM;1;PC;ACO GALVANIZADO;-
RU1385;RU_ACO_GALVANIZADO;LUVA DE ACO GALVANIZADO 25MM;1;PC;ACO GALVANIZADO;-
RU1386;RU_ACO_GALVANIZADO;LUVA DE ACO GALVANIZADO 32MM;1;PC;ACO GALVANIZADO;-
RU1387;RU_ACO_GALVANIZADO;LUVA DE ACO GALVANIZADO 40MM;1;PC;ACO GALVANIZADO;-
RU1388;RU_ACO_GALVANIZADO;LUVA DE ACO GALVANIZADO 50MM;1;PC;ACO GALVANIZADO;-
RU1389;RU_ACO_GALVANIZADO;LUVA DE ACO GALVANIZADO 65MM;1;PC;ACO GALVANIZADO;-
RU1390;RU_ACO_GALVANIZADO;LUVA DE ACO GALVANIZADO 80MM;1;PC;ACO GALVANIZADO;-
RU1391;RU_ACO_GALVANIZADO;LUVA DE ACO GALVANIZADO 90MM;1;PC;ACO GALVANIZADO;-
RU1392;RU_ACO_GALVANIZADO;LUVA DE ACO GALVANIZADO 100M;1;PC;ACO GALVANIZADO;-
RU1393;RU_ESGOTO;TUBO PVC SERIE NORMAL 40MM;1;MT;PVC;TUBO
RU1394;RU_ESGOTO;TUBO PVC SERIE NORMAL 50MM;1;MT;PVC;TUBO
RU1395;RU_ESGOTO;TUBO PVC SERIE NORMAL 75MM;1;MT;PVC;TUBO
RU1396;RU_ESGOTO;TUBO PVC SERIE NORMAL 100MM;1;MT;PVC;TUBO
RU1397;RU_ESGOTO;TUBO PVC SERIE NORMAL 150MM;1;MT;PVC;TUBO
RU1398;RU_ESGOTO;TUBO PVC SERIE NORMAL 200MM;1;MT;PVC;TUBO
RU1399;RU_ESGOTO;BUCHA DE REDUCAO PVC SERIE NORMAL 50X40MM;1;PC;PVC;-
RU1400;RU_ESGOTO;CURVA 90 PVC SERIE NORMAL 40MM;1;PC;PVC;-
RU1401;RU_ESGOTO;CURVA 90 PVC SERIE NORMAL 50MM;1;PC;PVC;-
RU1402;RU_ESGOTO;CURVA 90 PVC SERIE NORMAL 75MM;1;PC;PVC;-
RU1403;RU_ESGOTO;CURVA 90 PVC SERIE NORMAL 100MM;1;PC;PVC;-
RU1404;RU_ESGOTO;JOELHO 45 PVC SERIE NORMAL 40MM;1;PC;PVC;-
RU1405;RU_ESGOTO;JOELHO 45 PVC SERIE NORMAL 50MM;1;PC;PVC;-
RU1406;RU_ESGOTO;JOELHO 45 PVC SERIE NORMAL 75MM;1;PC;PVC;-
RU1407;RU_ESGOTO;JOELHO 45 PVC SERIE NORMAL 100MM;1;PC;PVC;-
RU1408;RU_ESGOTO;JOELHO 90 PVC SERIE NORMAL 40MM;1;PC;PVC;-
RU1409;RU_ESGOTO;JOELHO 90 PVC SERIE NORMAL 50MM;1;PC;PVC;-
RU1410;RU_ESGOTO;JOELHO 90 PVC SERIE NORMAL 75MM;1;PC;PVC;-
RU1411;RU_ESGOTO;JOELHO 90 PVC SERIE NORMAL 100MM;1;PC;PVC;-
RU1412;RU_ESGOTO;JOELHO 90 PVC SERIE NORMAL 150MM;1;PC;PVC;-
RU1413;RU_ESGOTO;JOELHO 90 PVC SERIE NORMAL 200MM;1;PC;PVC;-
RU1414;RU_ESGOTO;JUNCAO SIMPLES PVC SERIE NORMAL 40;1;PC;PVC;-
RU1415;RU_ESGOTO;JUNCAO SIMPLES PVC SERIE NORMAL 50X50;1;PC;PVC;-
RU1416;RU_ESGOTO;JUNCAO SIMPLES PVC SERIE NORMAL 75X50;1;PC;PVC;-
RU1417;RU_ESGOTO;JUNCAO SIMPLES PVC SERIE NORMAL 75X75;1;PC;PVC;-
RU1418;RU_ESGOTO;JUNCAO SIMPLES PVC SERIE NORMAL 100X50;1;PC;PVC;-
RU1419;RU_ESGOTO;JUNCAO SIMPLES PVC SERIE NORMAL 100X75;1;PC;PVC;-
RU1420;RU_ESGOTO;JUNCAO SIMPLES PVC SERIE NORMAL 100X100;1;PC;PVC;-
RU1421;RU_ESGOTO;JUNCAO SIMPLES PVC SERIE NORMAL 150X100;1;PC;PVC;-
RU1422;RU_ESGOTO;JUNCAO SIMPLES PVC SERIE NORMAL 150X150;1;PC;PVC;-
RU1423;RU_ESGOTO;JUNCAO SIMPLES PVC SERIE NORMAL 200X200;1;PC;PVC;-
RU1424;RU_ESGOTO;LUVA SIMPLES PVC SERIE NORMAL 40MM;1;PC;PVC;-
RU1425;RU_ESGOTO;LUVA SIMPLES PVC SERIE NORMAL 50MM;1;PC;PVC;-
RU1426;RU_ESGOTO;LUVA SIMPLES PVC SERIE NORMAL 75MM;1;PC;PVC;-
RU1427;RU_ESGOTO;LUVA SIMPLES PVC SERIE NORMAL 100MM;1;PC;PVC;-
RU1428;RU_ESGOTO;LUVA SIMPLES PVC SERIE NORMAL 150MM;1;PC;PVC;-
RU1429;RU_ESGOTO;LUVA SIMPLES PVC SERIE NORMAL 200MM;1;PC;PVC;-
RU1430;RU_ESGOTO;TE PVC SERIE NORMAL 40X40;1;PC;PVC;-
RU1431;RU_ESGOTO;TE PVC SERIE NORMAL 50X50;1;PC;PVC;-
RU1432;RU_ESGOTO;TE PVC SERIE NORMAL 75X50;1;PC;PVC;-
RU1433;RU_ESGOTO;TE PVC SERIE NORMAL 75X75;1;PC;PVC;-
RU1434;RU_ESGOTO;TE PVC SERIE NORMAL 100X50;1;PC;PVC;-
RU1435;RU_ESGOTO;TE PVC SERIE NORMAL 100X75;1;PC;PVC;-
RU1436;RU_ESGOTO;TE PVC SERIE NORMAL 100X100;1;PC;PVC;-
RU1437;RU_ESGOTO;TE PVC SERIE NORMAL 150X100;1;PC;PVC;-
RU1438;RU_ESGOTO;TE PVC SERIE NORMAL 150X150;1;PC;PVC;-
RU1439;RU_ESGOTO;TE PVC SERIE NORMAL 200X200;1;PC;PVC;-
RU1440;RU_ESGOTO;TERMINAL DE VENTILACAO 50;1;PC;PVC;-
RU1441;RU_ESGOTO;TERMINAL DE VENTILACAO 75;1;PC;PVC;-
RU1442;RU_ESGOTO;TERMINAL DE VENTILACAO 100;1;PC;PVC;-
RU1443;RU_SOLDAVEL;TUBO PVC SOLDAVEL 75MM;1;MT;PVC SOLDAVEL;TUBO
RU1444;RU_SOLDAVEL;TUBO PVC SOLDAVEL 85MM;1;MT;PVC SOLDAVEL;TUBO
RU1445;RU_SOLDAVEL;TUBO PVC SOLDAVEL 110MM;1;MT;PVC SOLDAVEL;TUBO
RU1446;RU_SOLDAVEL;JOELHO 90 PVC SOLDAVEL 75MM;1;PC;PVC SOLDAVEL;-
RU1447;RU_SOLDAVEL;JOELHO 90 PVC SOLDAVEL 85MM;1;PC;PVC SOLDAVEL;-
RU1448;RU_SOLDAVEL;JOELHO 90 PVC SOLDAVEL 110MM;1;PC;PVC SOLDAVEL;-
RU1449;RU_SOLDAVEL;JOELHO 45 PVC SOLDAVEL 75MM;1;PC;PVC SOLDAVEL;-
RU1450;RU_SOLDAVEL;JOELHO 45 PVC SOLDAVEL 85MM;1;PC;PVC SOLDAVEL;-
RU1451;RU_SOLDAVEL;JOELHO 45 PVC SOLDAVEL 110MM;1;PC;PVC SOLDAVEL;-
RU1452;RU_SOLDAVEL;TE PVC SOLDAVEL 75MM;1;PC;PVC SOLDAVEL;-
RU1453;RU_SOLDAVEL;TE PVC SOLDAVEL 85MM;1;PC;PVC SOLDAVEL;-
RU1454;RU_SOLDAVEL;TE PVC SOLDAVEL 110MM;1;PC;PVC SOLDAVEL;-
RU1455;RU_SOLDAVEL;TE REDUCAO PVC SOLDAVEL 75X60;1;PC;PVC SOLDAVEL;-
RU1456;RU_SOLDAVEL;TE REDUCAO PVC SOLDAVEL 75X50;1;PC;PVC SOLDAVEL;-
RU1457;RU_SOLDAVEL;TE REDUCAO PVC SOLDAVEL 85X60;1;PC;PVC SOLDAVEL;-
RU1458;RU_SOLDAVEL;TE REDUCAO PVC SOLDAVEL 110X60;1;PC;PVC SOLDAVEL;-
RU1459;RU_SOLDAVEL;TE REDUCAO PVC SOLDAVEL 110X75;1;PC;PVC SOLDAVEL;-
RU1460;RU_SOLDAVEL;LUVA PVC SOLDAVEL 75MM;1;PC;PVC SOLDAVEL;-
RU1461;RU_SOLDAVEL;LUVA PVC SOLDAVEL 85MM;1;PC;PVC SOLDAVEL;-
RU1462;RU_SOLDAVEL;LUVA PVC SOLDAVEL 110MM;1;PC;PVC SOLDAVEL;-
RU1463;RU_SISGAS;TE DE REDUCAO CENTRAL 25X20MM - SISGAS;1;PC;SISGAS;-
RU1464;RU_SISGAS;TE DE REDUCAO CENTRAL 32X20MM - SISGAS;1;PC;SISGAS;-
RU1465;RU_SISGAS;TE DE REDUCAO CENTRAL 32X25MM - SISGAS;1;PC;SISGAS;-
RU1466;RU_SISGAS;TE DE REDUCAO CENTRAL 40X25MM - SISGAS;1;PC;SISGAS;-
RU1467;RU_SISGAS;TE DE REDUCAO CENTRAL 40X32MM - SISGAS;1;PC;SISGAS;-
RU1468;RU_SISGAS;TE DE REDUCAO CENTRAL 50X32MM - SISGAS;1;PC;SISGAS;-
RU1469;RU_SISGAS;TE DE REDUCAO CENTRAL 50X40MM - SISGAS;1;PC;SISGAS;-
RU1470;RU_SISGAS;TE DE REDUCAO CENTRAL 63X40MM - SISGAS;1;PC;SISGAS;-
RU1471;RU_SISGAS;TE DE REDUCAO CENTRAL 63X50MM - SISGAS;1;PC;SISGAS;-
RU1472;RU_SISGAS;TE DE REDUCAO CENTRAL 75X50MM - SISGAS;1;PC;SISGAS;-
RU1473;RU_SISGAS;TE DE REDUCAO CENTRAL 75X63MM - SISGAS;1;PC;SISGAS;-
RU1474;RU_SISGAS;TE DE REDUCAO CENTRAL 90X63MM - SISGAS;1;PC;SISGAS;-
RU1475;RU_SISGAS;TE DE REDUCAO CENTRAL 90X75MM - SISGAS;1;PC;SISGAS;-
RU1476;RU_SISGAS;TE DE REDUCAO CENTRAL 110X75MM - SISGAS;1;PC;SISGAS;-
RU1477;RU_SISGAS;TE DE REDUCAO CENTRAL 110X90MM - SISGAS;1;PC;SISGAS;-
RU1478;RU_SISGAS;LUVA 20MM  - SISGAS;1;PC;SISGAS;-
RU1479;RU_SISGAS;LUVA 25MM  - SISGAS;1;PC;SISGAS;-
RU1480;RU_SISGAS;LUVA 32MM  - SISGAS;1;PC;SISGAS;-
RU1481;RU_SISGAS;LUVA 40MM  - SISGAS;1;PC;SISGAS;-
RU1482;RU_SISGAS;LUVA 50MM  - SISGAS;1;PC;SISGAS;-
RU1483;RU_SISGAS;LUVA 63MM  - SISGAS;1;PC;SISGAS;-
RU1484;RU_SISGAS;LUVA 75MM  - SISGAS;1;PC;SISGAS;-
RU1485;RU_SISGAS;LUVA 90MM  - SISGAS;1;PC;SISGAS;-
RU1486;RU_SISGAS;LUVA 110MM  - SISGAS;1;PC;SISGAS;-
RU1487;RU_SISGAS;LUVA DE REDUCAO FEMEA-FEMEA 25X20;1;PC;SISGAS;-
RU1488;RU_SISGAS;LUVA DE REDUCAO FEMEA-FEMEA 32X20;1;PC;SISGAS;-
RU1489;RU_SISGAS;LUVA DE REDUCAO FEMEA-FEMEA 32X25;1;PC;SISGAS;-
RU1490;RU_SISGAS;LUVA DE REDUCAO FEMEA-FEMEA 40X25;1;PC;SISGAS;-
RU1491;RU_SISGAS;LUVA DE REDUCAO FEMEA-FEMEA 40X32;1;PC;SISGAS;-
RU1492;RU_SISGAS;LUVA DE REDUCAO FEMEA-FEMEA 50X32;1;PC;SISGAS;-
RU1493;RU_SISGAS;LUVA DE REDUCAO FEMEA-FEMEA 50X40;1;PC;SISGAS;-
RU1494;RU_SISGAS;LUVA DE REDUCAO FEMEA-FEMEA 63X40;1;PC;SISGAS;-
RU1495;RU_SISGAS;LUVA DE REDUCAO FEMEA-FEMEA 63X50;1;PC;SISGAS;-
RU1496;RU_SISGAS;LUVA DE REDUCAO FEMEA-FEMEA 75X50;1;PC;SISGAS;-
RU1497;RU_SISGAS;LUVA DE REDUCAO FEMEA-FEMEA 75X63;1;PC;SISGAS;-
RU1498;RU_SISGAS;LUVA DE REDUCAO FEMEA-FEMEA 90X63;1;PC;SISGAS;-
RU1499;RU_SISGAS;LUVA DE REDUCAO FEMEA-FEMEA 90X75;1;PC;SISGAS;-
RU1500;RU_SISGAS;LUVA DE REDUCAO FEMEA-FEMEA 110X75;1;PC;SISGAS;-
RU1501;RU_SISGAS;LUVA DE REDUCAO FEMEA-FEMEA 110X90;1;PC;SISGAS;-
RU1502;RU_ESGOTO;JUNCAO INVERTIDA PVC SERIE NORMAL 75X50;1;PC;PVC;-
RU1503;RU_ESGOTO;JUNCAO INVERTIDA PVC SERIE NORMAL 100X50;1;PC;PVC;-
RU1504;RU_ESGOTO;JUNCAO INVERTIDA PVC SERIE NORMAL 75X75;1;PC;PVC;-
RU1505;RU_ESGOTO;JUNCAO INVERTIDA PVC SERIE NORMAL 100X75;1;PC;PVC;-
RU1506;RU_ESGOTO;JUNCAO INVERTIDA PVC SERIE NORMAL 100X100;1;PC;PVC;-
RU1507;RU_ESGOTO_REFOCADO;TUBO PVC SERIE REFOCADA 40MM;1;MT;PVC;TUBO
RU1508;RU_ESGOTO_REFOCADO;TUBO PVC SERIE REFOCADA 50MM;1;MT;PVC;TUBO
RU1509;RU_ESGOTO_REFOCADO;TUBO PVC SERIE REFOCADA 75MM;1;MT;PVC;TUBO
RU1510;RU_ESGOTO_REFOCADO;TUBO PVC SERIE REFOCADA 100MM;1;MT;PVC;TUBO
RU1511;RU_ESGOTO_REFOCADO;TUBO PVC SERIE REFOCADA 150MM;1;MT;PVC;TUBO
RU1512;RU_ESGOTO_REFOCADO;CAP PVC SERIE REFOCADA 40MM;1;PC;PVC;-
RU1513;RU_ESGOTO_REFOCADO;CAP PVC SERIE REFOCADA 50MM;1;PC;PVC;-
RU1514;RU_ESGOTO_REFOCADO;CAP PVC SERIE REFOCADA 75MM;1;PC;PVC;-
RU1515;RU_ESGOTO_REFOCADO;CAP PVC SERIE REFOCADA 100MM;1;PC;PVC;-
RU1516;RU_ESGOTO_REFOCADO;CAP PVC SERIE REFOCADA 150MM;1;PC;PVC;-
RU1517;RU_ESGOTO_REFOCADO;JOELHO 45 PVC SERIE REFOCADA 40MM;1;PC;PVC;-
RU1518;RU_ESGOTO_REFOCADO;JOELHO 45 PVC SERIE REFOCADA 50MM;1;PC;PVC;-
RU1519;RU_ESGOTO_REFOCADO;JOELHO 45 PVC SERIE REFOCADA 75MM;1;PC;PVC;-
RU1520;RU_ESGOTO_REFOCADO;JOELHO 45 PVC SERIE REFOCADA 100MM;1;PC;PVC;-
RU1521;RU_ESGOTO_REFOCADO;JOELHO 45 PVC SERIE REFOCADA 150MM;1;PC;PVC;-
RU1522;RU_ESGOTO_REFOCADO;JOELHO 90 PVC SERIE REFOCADA 40MM;1;PC;PVC;-
RU1523;RU_ESGOTO_REFOCADO;JOELHO 90 PVC SERIE REFOCADA 50MM;1;PC;PVC;-
RU1524;RU_ESGOTO_REFOCADO;JOELHO 90 PVC SERIE REFOCADA 75MM;1;PC;PVC;-
RU1525;RU_ESGOTO_REFOCADO;JOELHO 90 PVC SERIE REFOCADA 100MM;1;PC;PVC;-
RU1526;RU_ESGOTO_REFOCADO;JOELHO 90 PVC SERIE REFOCADA 150MM;1;PC;PVC;-
RU1527;RU_ESGOTO_REFOCADO;JUNCAO SIMPLES PVC SERIE REFOCADA 40X40;1;PC;PVC;-
RU1528;RU_ESGOTO_REFOCADO;JUNCAO SIMPLES PVC SERIE REFOCADA 50X50;1;PC;PVC;-
RU1529;RU_ESGOTO_REFOCADO;JUNCAO SIMPLES PVC SERIE REFOCADA 75X50;1;PC;PVC;-
RU1530;RU_ESGOTO_REFOCADO;JUNCAO SIMPLES PVC SERIE REFOCADA 75X75;1;PC;PVC;-
RU1531;RU_ESGOTO_REFOCADO;JUNCAO SIMPLES PVC SERIE REFOCADA 100X50;1;PC;PVC;-
RU1532;RU_ESGOTO_REFOCADO;JUNCAO SIMPLES PVC SERIE REFOCADA 100X75;1;PC;PVC;-
RU1533;RU_ESGOTO_REFOCADO;JUNCAO SIMPLES PVC SERIE REFOCADA 100X100;1;PC;PVC;-
RU1534;RU_ESGOTO_REFOCADO;JUNCAO SIMPLES PVC SERIE REFOCADA 150X100;1;PC;PVC;-
RU1535;RU_ESGOTO_REFOCADO;JUNCAO SIMPLES PVC SERIE REFOCADA 150X150;1;PC;PVC;-
RU1536;RU_ESGOTO_REFOCADO;LUVA SIMPLES PVC SERIE REFOCADA 40MM;1;PC;PVC;-
RU1537;RU_ESGOTO_REFOCADO;LUVA SIMPLES PVC SERIE REFOCADA 50MM;1;PC;PVC;-
RU1538;RU_ESGOTO_REFOCADO;LUVA SIMPLES PVC SERIE REFOCADA 75MM;1;PC;PVC;-
RU1539;RU_ESGOTO_REFOCADO;LUVA SIMPLES PVC SERIE REFOCADA 100MM;1;PC;PVC;-
RU1540;RU_ESGOTO_REFOCADO;LUVA SIMPLES PVC SERIE REFOCADA 150MM;1;PC;PVC;-
RU1541;RU_ESGOTO_REFOCADO;TE PVC SERIE REFOCADA 40MM;1;PC;PVC;-
RU1542;RU_ESGOTO_REFOCADO;TE PVC SERIE REFOCADA 50MM;1;PC;PVC;-
RU1543;RU_ESGOTO_REFOCADO;TE PVC SERIE REFOCADA 75X50MM;1;PC;PVC;-
RU1544;RU_ESGOTO_REFOCADO;TE PVC SERIE REFOCADA 75MM;1;PC;PVC;-
RU1545;RU_ESGOTO_REFOCADO;TE PVC SERIE REFOCADA 100MM;1;PC;PVC;-
RU1546;RU_ESGOTO_REFOCADO;TE PVC SERIE REFOCADA 100X50MM;1;PC;PVC;-
RU1547;RU_ESGOTO_REFOCADO;TE PVC SERIE REFOCADA 100X75MM;1;PC;PVC;-
RU1548;RU_ESGOTO_REFOCADO;TE PVC SERIE REFOCADA 150X100MM;1;PC;PVC;-
RU1549;RU_ESGOTO_REFOCADO;TE PVC SERIE REFOCADA 150MM;1;PC;PVC;-
RU1550;RU_ESGOTO_REFOCADO;JOELHO 45 EM FERRO FUNDIDO 50MM;1;PC;PVC;-
RU1551;RU_ESGOTO_REFOCADO;JOELHO 45 EM FERRO FUNDIDO 75MM;1;PC;PVC;-
RU1552;RU_ESGOTO_REFOCADO;JOELHO 45 EM FERRO FUNDIDO 100MM;1;PC;PVC;-
RU1553;RU_ESGOTO_REFOCADO;JOELHO 45 EM FERRO FUNDIDO 150MM;1;PC;PVC;-
RU1554;RU_ESGOTO;CAIXA SIFONADA 100X100X50MM;1;PC;PVC;-
RU1555;RU_ESGOTO;CAIXA SIFONADA 100X150X50MM;1;PC;PVC;-
RU1556;RU_ESGOTO;CAIXA SIFONADA 150X150X50MM;1;PC;PVC;-
RU1557;RU_ESGOTO;CAIXA SIFONADA 150X185X75MM;1;PC;PVC;-
RU1558;RU_ESGOTO;RALO LINEAR 50CM ;1;MT;PVC;TUBO
RU1559;RU_ESGOTO;RALO LINEAR 70CM ;1;MT;PVC;TUBO
RU1560;RU_ESGOTO;REDUCAO EXCENTRICA PVC SERIE NORMAL 75X40MM;1;PC;PVC;-
RU1561;RU_ESGOTO;REDUCAO EXCENTRICA PVC SERIE NORMAL 75X50MM;1;PC;PVC;-
RU1562;RU_ESGOTO;REDUCAO EXCENTRICA PVC SERIE NORMAL 100X75MM;1;PC;PVC;-
RU1563;RU_ESGOTO;REDUCAO EXCENTRICA PVC SERIE NORMAL 150X100MM;1;PC;PVC;-
RU1564;RU_ESGOTO_REFOCADO;REDUCAO EXCENTRICA PVC SERIE REFOCADA 75X40MM;1;PC;PVC;-
RU1565;RU_ESGOTO_REFOCADO;REDUCAO EXCENTRICA PVC SERIE REFOCADA 75X50MM;1;PC;PVC;-
RU1566;RU_ESGOTO_REFOCADO;REDUCAO EXCENTRICA PVC SERIE REFOCADA 100X75MM;1;PC;PVC;-
RU1567;RU_ESGOTO_REFOCADO;REDUCAO EXCENTRICA PVC SERIE REFOCADA 150X100MM;1;PC;PVC;-
RU1568;RU_DRENO;TUBO CORRUGADO PERFURADO 65MM - DRENO;1;MT;PEAD;TUBO
RU1569;RU_DRENO;TUBO CORRUGADO PERFURADO 80MM - DRENO;1;MT;PEAD;TUBO
RU1570;RU_DRENO;TUBO CORRUGADO PERFURADO 100MM - DRENO;1;MT;PEAD;TUBO
RU1571;RU_DRENO;TUBO CORRUGADO PERFURADO 170MM - DRENO;1;MT;PEAD;TUBO
RU1572;RU_DRENO;TUBO CORRUGADO PERFURADO 230MM - DRENO;1;MT;PEAD;TUBO
RU1573;RU_DRENO;TUBO CORRUGADO NAO PERFURADO 65MM - DRENO;1;MT;PEAD;TUBO
RU1574;RU_DRENO;TUBO CORRUGADO NAO PERFURADO 80MM - DRENO;1;MT;PEAD;TUBO
RU1575;RU_DRENO;TUBO CORRUGADO NAO PERFURADO 100MM - DRENO;1;MT;PEAD;TUBO
RU1576;RU_DRENO;TUBO CORRUGADO NAO PERFURADO 170MM - DRENO;1;MT;PEAD;TUBO
RU1577;RU_DRENO;TUBO CORRUGADO NAO PERFURADO 230MM - DRENO;1;MT;PEAD;TUBO
RU1578;RU_DRENO;CONEXAO DE TUBO CORRUGADO 65MM - DRENO;1;PC;PEAD;-
RU1579;RU_DRENO;CONEXAO DE TUBO CORRUGADO 80MM - DRENO;1;PC;PEAD;-
RU1580;RU_DRENO;CONEXAO DE TUBO CORRUGADO 100MM - DRENO;1;PC;PEAD;-
RU1581;RU_DRENO;CONEXAO DE TUBO CORRUGADO 170MM - DRENO;1;PC;PEAD;-
RU1582;RU_DRENO;CONEXAO DE TUBO CORRUGADO 230MM - DRENO;1;PC;PEAD;-
RU1583;RU_DRENO;TAMPAO DE TUBO CORRUGADO 65MM - DRENO;1;PC;PEAD;-
RU1584;RU_DRENO;TAMPAO DE TUBO CORRUGADO 80MM - DRENO;1;PC;PEAD;-
RU1585;RU_DRENO;TAMPAO DE TUBO CORRUGADO 100MM - DRENO;1;PC;PEAD;-
RU1586;RU_DRENO;TAMPAO DE TUBO CORRUGADO 170MM - DRENO;1;PC;PEAD;-
RU1587;RU_DRENO;TAMPAO DE TUBO CORRUGADO 230MM - DRENO;1;PC;PEAD;-
RU1588;RU_DRENO;REDUCAO DE TUBO CURRUGADO 230X170X100MM;1;PC;PEAD;-
RU1589;RU_DRENO;REDUCAO DE TUBO CURRUGADO 170X100X65MM;1;PC;PEAD;-
RU1590;RU_DRENO;"CONEXAO ""T"" DE TUBO CORRUGADO 65X65MM";1;PC;PEAD;-
RU1591;RU_DRENO;"CONEXAO ""T"" DE TUBO CORRUGADO 80X100MM";1;PC;PEAD;-
RU1592;RU_DRENO;"CONEXAO ""T"" DE TUBO CORRUGADO 100X100";1;PC;PEAD;-
RU1593;RU_DRENO;"CONEXAO ""T"" DE TUBO CORRUGADO 170X100";1;PC;PEAD;-
RU1594;RU_DRENO;"CONEXAO ""T"" DE TUBO CORRUGADO 170X170";1;PC;PEAD;-
RU1595;RU_DRENO;"CONEXAO ""T"" DE TUBO CORRUGADO 230X100";1;PC;PEAD;-
RU1596;RU_DRENO;"CONEXAO ""T"" DE TUBO CORRUGADO 230X230";1;PC;PEAD;-
RU1597;RU_DRENO;"CONEXAO ""Y"" DE TUBO CORRUGADO 65X65MM";1;PC;PEAD;-
RU1598;RU_DRENO;"CONEXAO ""Y"" DE TUBO CORRUGADO 80X80MM";1;PC;PEAD;-
RU1599;RU_DRENO;"CONEXAO ""Y"" DE TUBO CORRUGADO 100X100MM";1;PC;PEAD;-
RU1600;RU_DRENO;"CONEXAO ""Y"" DE TUBO CORRUGADO 170X100MM";1;PC;PEAD;-
RU1601;RU_DRENO;"CONEXAO ""Y"" DE TUBO CORRUGADO 170X170MM";1;PC;PEAD;-
RU1602;RU_DRENO;"CONEXAO ""Y"" DE TUBO CORRUGADO 230X170MM";1;PC;PEAD;-
RU1603;RU_INFRA_ESGOTO;TUBO COLETO DE ESGOTO LISO JEI  100MM;1;MT;PVC;TUBO
RU1604;RU_INFRA_ESGOTO;TUBO COLETO DE ESGOTO LISO JEI  150MM;1;MT;PVC;TUBO
RU1605;RU_INFRA_ESGOTO;TUBO COLETO DE ESGOTO LISO JEI  200MM;1;MT;PVC;TUBO
RU1606;RU_INFRA_ESGOTO;TUBO COLETO DE ESGOTO LISO JEI  250MM;1;MT;PVC;TUBO
RU1607;RU_INFRA_ESGOTO;TUBO COLETO DE ESGOTO LISO JEI  300MM;1;MT;PVC;TUBO
RU1608;RU_INFRA_ESGOTO;TUBO COLETO DE ESGOTO LISO JEI  350MM;1;MT;PVC;TUBO
RU1609;RU_INFRA_ESGOTO;TUBO COLETO DE ESGOTO LISO JEI  400MM;1;MT;PVC;TUBO
RU1610;RU_INFRA_ESGOTO;TUBO COLETO DE ESGOTO CURRUGADO JE 100MM;1;MT;PVC;TUBO
RU1611;RU_INFRA_ESGOTO;TUBO COLETO DE ESGOTO CURRUGADO JE  150MM;1;MT;PVC;TUBO
RU1612;RU_INFRA_ESGOTO;TUBO COLETO DE ESGOTO CURRUGADO JE  200MM;1;MT;PVC;TUBO
RU1613;RU_INFRA_ESGOTO;TUBO COLETO DE ESGOTO CURRUGADO JE  250MM;1;MT;PVC;TUBO
RU1614;RU_INFRA_ESGOTO;TUBO COLETO DE ESGOTO CURRUGADO JE  300MM;1;MT;PVC;TUBO
RU1615;RU_INFRA_ESGOTO;TUBO COLETO DE ESGOTO CURRUGADO JE  350MM;1;MT;PVC;TUBO
RU1616;RU_INFRA_ESGOTO;TUBO COLETO DE ESGOTO CURRUGADO JE  400MM;1;MT;PVC;TUBO
RU1617;RU_INFRA_ESGOTO;CAP COLETOR DE ESGOTO JEI/JE 100MM;1;PC;PVC;-
RU1618;RU_INFRA_ESGOTO;CAP UNIVERSAL 150MM;1;PC;PVC;-
RU1619;RU_INFRA_ESGOTO;CAP UNIVERSAL 200MM;1;PC;PVC;-
RU1620;RU_INFRA_ESGOTO;CURVA 45 COLETOR DE ESGOTO JE 150MM;1;PC;PVC;-
RU1621;RU_INFRA_ESGOTO;CURVA 45 COLETOR DE ESGOTO JE 200MM;1;PC;PVC;-
RU1622;RU_INFRA_ESGOTO;CURVA 45 COLETOR DE ESGOTO JE 250MM;1;PC;PVC;-
RU1623;RU_INFRA_ESGOTO;CURVA 45 COLETOR DE ESGOTO JE 300MM;1;PC;PVC;-
RU1624;RU_INFRA_ESGOTO;CURVA UNIVERSAL 45 JE 150MM;1;PC;PVC;-
RU1625;RU_INFRA_ESGOTO;CURVA UNIVERSAL 45 JE 200MM;1;PC;PVC;-
RU1626;RU_INFRA_ESGOTO;CURVA 90 COLETOR DE ESGOTO 100MM;1;PC;PVC;-
RU1627;RU_INFRA_ESGOTO;CURVA 90 COLETOR DE ESGOTO 150MM;1;PC;PVC;-
RU1628;RU_INFRA_ESGOTO;CURVA 90 COLETOR DE ESGOTO 200MM;1;PC;PVC;-
RU1629;RU_INFRA_ESGOTO;CURVA 90 COLETOR DE ESGOTO 250MM;1;PC;PVC;-
RU1630;RU_INFRA_ESGOTO;CURVA 90 COLETOR DE ESGOTO 300MM;1;PC;PVC;-
RU1631;RU_INFRA_ESGOTO;JUNCAO 45 COLETOR DE ESGOTO 100X100MM;1;PC;PVC;-
RU1632;RU_INFRA_ESGOTO;JUNCAO 45 COLETOR DE ESGOTO 150MM;1;PC;PVC;-
RU1633;RU_INFRA_ESGOTO;JUNCAO 45 COLETOR DE ESGOTO 200MM;1;PC;PVC;-
RU1634;RU_INFRA_ESGOTO;LUVA COLETOR DE ESGOTO 100M;1;PC;PVC;-
RU1635;RU_INFRA_ESGOTO;LUVA COLETOR DE ESGOTO 150M;1;PC;PVC;-
RU1636;RU_INFRA_ESGOTO;LUVA COLETOR DE ESGOTO 200M;1;PC;PVC;-
RU1637;RU_INFRA_ESGOTO;LUVA COLETOR DE ESGOTO 250M;1;PC;PVC;-
RU1638;RU_INFRA_ESGOTO;LUVA COLETOR DE ESGOTO 300M;1;PC;PVC;-
RU1639;RU_INFRA_ESGOTO;LUVA COLETOR DE ESGOTO 400M;1;PC;PVC;-
RU1640;RU_INFRA_ESGOTO;PLUG COLETOR DE ESGOTO 100MM;1;PC;PVC;-
RU1641;RU_INFRA_ESGOTO;REDUCAO EXCENTRICA COLETOR DE ESGOTO 150X100MM;1;PC;PVC;-
RU1642;RU_INFRA_ESGOTO;REDUCAO EXCENTRICA COLETOR DE ESGOTO 200X150MM;1;PC;PVC;-
RU1643;RU_INFRA_ESGOTO;REDUCAO EXCENTRICA COLETOR DE ESGOTO 250X200MM;1;PC;PVC;-
RU1644;RU_INFRA_ESGOTO;TE COLETOR DE ESGOTO 100X100MM;1;PC;PVC;-
RU1645;RU_INFRA_ESGOTO;TE COLETOR DE ESGOTO 150X100MM;1;PC;PVC;-
RU1646;RU_INFRA_ESGOTO;TE COLETOR DE ESGOTO 150X150MM;1;PC;PVC;-
RU1647;RU_INFRA_ESGOTO;TE COLETOR DE ESGOTO 200X200MM;1;PC;PVC;-
RU1648;RU_INFRA_ESGOTO;TE REDUCAO COLETOR DE ESGOTO 200X150MM;1;PC;PVC;-
RU1649;RU_INFRA_ESGOTO;TE REDUCAO COLETOR DE ESGOTO 250X150MM;1;PC;PVC;-
RU1650;RU_INFRA_ESGOTO;TE REDUCAO COLETOR DE ESGOTO 250X200MM;1;PC;PVC;-
RU1651;RU_INFRA_ESGOTO;TE REDUCAO COLETOR DE ESGOTO 350X300MM;1;PC;PVC;-
RU1652;RU_AR;CAIXA POLAR;1;PC;PVC;-
RU1653;RU_BOMBAS;KIT BOMBA SUBMERSÍVEL 1,0/2,0 CV ;1;VB;-;-
RU1654;RU_ESGOTO;VALVULA DE ADMISSAO DE AR 50MM;1;PC;PVC;-
RU1655;RU_ESGOTO;CAIXA SIFONADA 100X100X40MM;1;PC;PVC;-
RU1656;RU_ESGOTO;CAIXA DE GORDURA DE 18L;1;PC;PVC;-
RU1657;RU_BOMBAS;KIT BOMBA DE RECALLQUE DE ÁGUA POTÁVEL 7,5CV P: 90 M.C.A;1;VB;-;-
RU1658;RU_ESGOTO;JOELHO 45 PVC SERIE NORMAL 150MM;1;PC;PVC;-
RU1659;RU_REGISTRO;"REGISTRO DE PRESSAO 15 (1/2"")";15;PC;METAIS;-
RU1660;RU_REGISTRO;"REGISTRO DE PRESSAO 20 (3/4"")";20;PC;METAIS;-
RU1661;RU_REGISTRO;"REGISTRO DE PRESSAO 25 (1"")";25;PC;METAIS;-
RU1662;RU_BOMBAS;KIT PRESSURIZADOR 4CV;1;VB;-;-
RU1663;RU_BOMBAS;KIT PRESSURIZADOR 2CV;1;VB;-;-
RU1664;RU_BOMBAS;KIT PRESSURIZADOR 1,5CV;1;VB;-;-
RU1665;RU_BOMBAS;KIT SISTEMA DE TRATAMENTO DE ÁGUA;1;VB;-;-
RU1666;RU_REGISTRO;"VALVULA SOLENOIDE 20 (3/4"")";1;PC;-;-
RU1667;RU_REGISTRO;"VALVULA SOLENOIDE 25 (1"")";1;PC;-;-
RU1668;RU_REGISTRO;"VALVULA SOLENOIDE 50 (2"")";1;PC;-;-
RU1669;RU_REGISTRO;"VALVULA SOLENOIDE 80 (3"")";1;PC;-;-
RU1670;RU_REGISTRO;KIT REDUTORA DE PRESSÃO LUMIUS;1;PC;-;-
RU1671;RU_CPVC;Registro Esfera CPVC 15MM;1;PC;CPVC;-
RU1672;RU_CPVC;Registro Esfera CPVC 22MM;1;PC;CPVC;-
RU1673;RU_CPVC;Registro Esfera CPVC 28MM;1;PC;CPVC;-
RU1674;RU_CPVC;Registro Esfera CPVC 35MM;1;PC;CPVC;-
RU1675;RU_CPVC;Registro Esfera CPVC 42MM;1;PC;CPVC;-
RU1676;RU_CPVC;Registro Esfera CPVC 54MM;1;PC;CPVC;-
RU1677;RU_CPVC;Registro Esfera CPVC 73MM;1;PC;CPVC;-
RU1678;RU_CPVC;Registro Esfera CPVC 89MM;1;PC;CPVC;-
RU1679;RU_CPVC;Registro Esfera CPVC 114MM;1;PC;CPVC;-
RU1680;RU_CPVC;Registro Gaveta CPVC 15MM;1;PC;CPVC;-
RU1681;RU_CPVC;Registro Gaveta CPVC 22MM;1;PC;CPVC;-
RU1682;RU_CPVC;Registro Gaveta CPVC 28MM;1;PC;CPVC;-
RU1683;RU_CPVC;Registro Gaveta CPVC 35MM;1;PC;CPVC;-
RU1684;RU_CPVC;Registro Gaveta CPVC 42MM;1;PC;CPVC;-
RU1685;RU_CPVC;Registro Gaveta CPVC 54MM;1;PC;CPVC;-
RU1686;RU_CPVC;Registro Gaveta CPVC 73MM;1;PC;CPVC;-
RU1687;RU_CPVC;Registro Gaveta CPVC 89MM;1;PC;CPVC;-
RU1688;RU_CPVC;Registro Gaveta CPVC 114MM;1;PC;CPVC;-
RU1692;RU_PISCINA;FILTRO DE AREIA V 20,50M3/H;1;PC;-;-
RU1693;RU_PISCINA;FILTRO DE AREIA V 9,50M3/H;1;PC;-;-
RU1694;RU_PISCINA;MOTOBOMBA V: 9,50 M3/H P: 3/4CV;1;PC;-;-
RU1695;RU_PISCINA;MOTOBOMBA V: 20,50 M3/H P: 2CV;1;PC;-;-
RU1696;RU_PISCINA;DOSADOR DE CLORO ;1;PC;-;-
RU1706;RU_SOLDAVEL;REGISTRO ESFERA 20MM;1;PC;-;-
RU1707;RU_SOLDAVEL;REGISTRO ESFERA 25MM;1;PC;-;-
RU1708;RU_SOLDAVEL;REGISTRO ESFERA 32MM;1;PC;-;-
RU1709;RU_SOLDAVEL;REGISTRO ESFERA 40MM;1;PC;-;-
RU1710;RU_SOLDAVEL;REGISTRO ESFERA 50MM;1;PC;-;-
RU1711;RU_SOLDAVEL;REGISTRO ESFERA 60MM;1;PC;-;-
RU1712;RU_SOLDAVEL;REGISTRO ESFERA 75MM;1;PC;-;-
RU1713;RU_SOLDAVEL;REGISTRO ESFERA 85MM;1;PC;-;-
RU1714;RU_SOLDAVEL;JOELHO 90 PVC SOLDAVEL 20MM;1;PC;-;-
RU1715;RU_SOLDAVEL;JOELHO 90 PVC SOLDAVEL 25MM;1;PC;-;-
RU1716;RU_SOLDAVEL;JOELHO 90 PVC SOLDAVEL 32MM;1;PC;-;-
RU1717;RU_SOLDAVEL;JOELHO 90 PVC SOLDAVEL 40MM;1;PC;-;-
RU1718;RU_SOLDAVEL;JOELHO 90 PVC SOLDAVEL 50MM;1;PC;-;-
RU1719;RU_SOLDAVEL;JOELHO 90 PVC SOLDAVEL 60MM;1;PC;-;-
RU1720;RU_REGISTRO;"TORNEIRA ESFERA 1/2"" ";1;PC;METAL;-
RU1721;RU_ESGOTO;GRELHA HEMISFERICA;1;PC;METAL;-
